institution_code,institution_name,email,akreditasi_institusi,link
1,Akademi Akupunktur Surabaya,"akademi.akupunktur@gmail.com, aasi@sby.dnet.net.id",Belum Terakreditasi/Kedaluarsa,https://lldikti7.kemdikbud.go.id/detail-perguruan-tinggi/74003
2,Akademi Analis Farmasi Dan Makanan Sunan Giri,,Baik,https://lldikti7.kemdikbud.go.id/detail-perguruan-tinggi/74100
3,Akademi Analis Kesehatan Delima Husada Gresik,aakdelimahusadagresik@yahoo.com,Baik,https://lldikti7.kemdikbud.go.id/detail-perguruan-tinggi/74121
4,Akademi Analis Kesehatan Malang,aakmal_cip@yahoo.com,Baik,https://lldikti7.kemdikbud.go.id/detail-perguruan-tinggi/74108
5,Akademi Farmasi Mitra Sehat Mandiri Sidoarjo,"akafarma.mitrasehat@yahoo.co.id,akfarmitrasehatms@yahoo.com",Baik,https://lldikti7.kemdikbud.go.id/detail-perguruan-tinggi/74117
6,Akademi Farmasi Surabaya,akfar.sby@gmail.com,Baik Sekali,https://lldikti7.kemdikbud.go.id/detail-perguruan-tinggi/74129
7,Akademi Farmasi Yannas Husada Bangkalan,akfaryannashusadamadura@gmail.com,Belum Terakreditasi/Kedaluarsa,https://lldikti7.kemdikbud.go.id/detail-perguruan-tinggi/74131
8,Akademi Gizi Karya Husada Kediri,gizikhkediri@gmail.com,Baik,https://lldikti7.kemdikbud.go.id/detail-perguruan-tinggi/74128
9,Akademi Kebidanan Aifa Husada,"akbid@aifahusada.com, aifa_husada@yahoo.com",Baik,https://lldikti7.kemdikbud.go.id/detail-perguruan-tinggi/74095
10,Akademi Kebidanan Ar-Rahma,mail@akbidarrahma.ac.id,Baik,https://lldikti7.kemdikbud.go.id/detail-perguruan-tinggi/74096
11,Akademi Kebidanan Berlian Nusantara,,Belum Terakreditasi/Kedaluarsa,https://lldikti7.kemdikbud.go.id/detail-perguruan-tinggi/74110
12,Akademi Kebidanan Dharma Praja Bondowoso,dpraja@akbiddharmapraja.ac.id,Baik,https://lldikti7.kemdikbud.go.id/detail-perguruan-tinggi/74115
13,Akademi Kebidanan Global Medika,,Baik,https://lldikti7.kemdikbud.go.id/detail-perguruan-tinggi/74114
14,Akademi Kebidanan Mandiri Gresik,akbidmandiri_gresik@yahoo.co.id,Baik,https://lldikti7.kemdikbud.go.id/detail-perguruan-tinggi/74092
15,Akademi Kebidanan Mitra Sehat Sidoarjo,akbidmitrasehatsidoarjo@yahoo.co.id,Belum Terakreditasi/Kedaluarsa,https://lldikti7.kemdikbud.go.id/detail-perguruan-tinggi/74089
16,Akademi Kebidanan Sakinah,akbid_sakinah@yahoo.com,Baik,https://lldikti7.kemdikbud.go.id/detail-perguruan-tinggi/74104
17,Akademi Kebidanan Wahana Sehat Sidoarjo,akbid_wahanasehat_sda@yahoo.co.id,Belum Terakreditasi/Kedaluarsa,https://lldikti7.kemdikbud.go.id/detail-perguruan-tinggi/74113
18,Akademi Kebidanan Wiyata Mitra Husada Nganjuk,akbidwimisada17@gmail.com,Baik,https://lldikti7.kemdikbud.go.id/detail-perguruan-tinggi/74103
19,Akademi Kelautan Banyuwangi,akaba.banyuwangi@yahoo.com,Baik,https://lldikti7.kemdikbud.go.id/detail-perguruan-tinggi/74053
20,Akademi Keperawatan Bahrul Ulum Jombang,,Belum Terakreditasi/Kedaluarsa,https://lldikti7.kemdikbud.go.id/detail-perguruan-tinggi/74038
21,Akademi Keperawatan Dian Husada,,Baik,https://lldikti7.kemdikbud.go.id/detail-perguruan-tinggi/74040
22,Akademi Keperawatan Kosgoro Mojokerto,akperkosgoro@yahoo.co.id / Info@akperkosgoro.ac.id,Belum Terakreditasi/Kedaluarsa,https://lldikti7.kemdikbud.go.id/detail-perguruan-tinggi/74125
23,Akademi Keperawatan Pemerintah Kabupaten Ngawi,"admin@akperngawi.ac.id, AKPER_ngawi@yahoo.com",Baik,https://lldikti7.kemdikbud.go.id/detail-perguruan-tinggi/74080
24,Akademi Kesehatan Arga Husada,argahusada_pare@yahoo.com,Belum Terakreditasi/Kedaluarsa,https://lldikti7.kemdikbud.go.id/detail-perguruan-tinggi/74107
25,Akademi Kesehatan Dharma Husada Kediri,"akbid_dharma_kdr@yahoo.com, akperdh@gmail.com",Baik,https://lldikti7.kemdikbud.go.id/detail-perguruan-tinggi/74138
26,Akademi Kesehatan Sumenep,akademikesehatansumenep@gmail.com,Baik,https://lldikti7.kemdikbud.go.id/detail-perguruan-tinggi/74133
27,Akademi Komunitas Darussalam Blokagung,akbpblokagung@gmail.com,Baik,https://lldikti7.kemdikbud.go.id/detail-perguruan-tinggi/76006
28,Akademi Komunitas Kebun Anom,,Belum Terakreditasi/Kedaluarsa,https://lldikti7.kemdikbud.go.id/detail-perguruan-tinggi/76005
29,Akademi Komunitas Kopi Al-Hasan,,Belum Terakreditasi/Kedaluarsa,https://lldikti7.kemdikbud.go.id/detail-perguruan-tinggi/76008
30,Akademi Komunitas Nurul Jadid,yayasan.mahad.nuruljadid.jbr@gmail.com,Baik,https://lldikti7.kemdikbud.go.id/detail-perguruan-tinggi/76007
31,Akademi Komunitas Penabulu Samudra Wiyata,,Belum Terakreditasi/Kedaluarsa,https://lldikti7.kemdikbud.go.id/detail-perguruan-tinggi/76010
32,Akademi Komunitas Semen Indonesia,aksi.semenindonesia@gmail.com,Belum Terakreditasi/Kedaluarsa,https://lldikti7.kemdikbud.go.id/detail-perguruan-tinggi/76001
33,Akademi Komunitas Teknologi Syarifuddin,official@akts.ac.id,Baik,https://lldikti7.kemdikbud.go.id/detail-perguruan-tinggi/76003
34,Akademi Kuliner dan Patiseri OTTIMMO Internasional,"info@ottimo-international.com, prodikuliner@ottimmo.ac.id",Baik,https://lldikti7.kemdikbud.go.id/detail-perguruan-tinggi/74130
35,Akademi Kuliner Monas Pasifik,info@monaskuliner.com,Baik,https://lldikti7.kemdikbud.go.id/detail-perguruan-tinggi/74057
36,Akademi Manajemen Informatika Dan Komputer Jombang,amik-jombang@gmail.com,Baik,https://lldikti7.kemdikbud.go.id/detail-perguruan-tinggi/74023
37,Akademi Manajemen Informatika Dan Komputer Taruna,amik.taruna.probolinggo@gmail.com,Baik,https://lldikti7.kemdikbud.go.id/detail-perguruan-tinggi/74033
38,Akademi Manajemen Koperasi Tantular,amkoptantular@gmail.com,Baik,https://lldikti7.kemdikbud.go.id/detail-perguruan-tinggi/74014
39,Akademi Manajemen Perpajakan Indonesia Blitar,ampindo@plasa.com,Belum Terakreditasi/Kedaluarsa,https://lldikti7.kemdikbud.go.id/detail-perguruan-tinggi/74018
40,Akademi Pariwisata 17 Agustus 1945 Surabaya,-,Belum Terakreditasi/Kedaluarsa,https://lldikti7.kemdikbud.go.id/detail-perguruan-tinggi/74027
41,Akademi Pariwisata Dan Perhotelan Ganesha,info@apartel-ganesha.ac.id,Baik,https://lldikti7.kemdikbud.go.id/detail-perguruan-tinggi/74064
42,Akademi Pariwisata Majapahit,akparmajapahit@gmail.com,Baik,https://lldikti7.kemdikbud.go.id/detail-perguruan-tinggi/74032
43,Akademi Refraksi Optisi Surabaya,"Aro_sby@yahoo.co.id, aro_sby@telkom.net",Baik,https://lldikti7.kemdikbud.go.id/detail-perguruan-tinggi/74081
44,Akademi Sages,info@sages.ac.id,Belum Terakreditasi/Kedaluarsa,https://lldikti7.kemdikbud.go.id/detail-perguruan-tinggi/74134
45,Akademi Sekretari Dan Manajemen Indonesia Surabaya,info@asmisurabaya.ac.id,Baik,https://lldikti7.kemdikbud.go.id/detail-perguruan-tinggi/74002
46,Akademi Teknik Alat Berat Indonesia,,Baik,https://lldikti7.kemdikbud.go.id/detail-perguruan-tinggi/74136
47,Akbid Harapan Mulya Ponorogo,akbidharapanmulya@gmail.com,Baik,https://lldikti7.kemdikbud.go.id/detail-perguruan-tinggi/74088
48,IKIP PGRI Bojonegoro,rektorat@ikippgribojonegoro.ac.id,Baik,https://lldikti7.kemdikbud.go.id/detail-perguruan-tinggi/72011
49,IKIP Widya Darma,ikip.widya.dharma@gmail.com,Baik,https://lldikti7.kemdikbud.go.id/detail-perguruan-tinggi/72003
50,Institut Ilmu Kesehatan Bhakti Wiyata Kediri,"iikrektorat@yahoo.co.id, admin@iik.ac.id",Baik Sekali,https://lldikti7.kemdikbud.go.id/detail-perguruan-tinggi/72015
51,Institut Ilmu Kesehatan Nahdlatul Ulama Tuban,admin@stikesnu.com,Baik,https://lldikti7.kemdikbud.go.id/detail-perguruan-tinggi/72029
52,Institut Informatika Indonesia Surabaya,info@iii.ac.id,Baik,https://lldikti7.kemdikbud.go.id/detail-perguruan-tinggi/72014
53,Institut Kesehatan dan Bisnis Surabaya,,Baik,https://lldikti7.kemdikbud.go.id/detail-perguruan-tinggi/72028
54,Institut Pertanian Malang,admin@ipm.ac.id,Baik,https://lldikti7.kemdikbud.go.id/detail-perguruan-tinggi/72006
55,Institut Sains Dan Teknologi Palapa,institutsains.teknologipalapa@gmail.com,Belum Terakreditasi/Kedaluarsa,https://lldikti7.kemdikbud.go.id/detail-perguruan-tinggi/72013
56,Institut Sains dan Teknologi Terpadu Surabaya,"web_admin@stts.edu, Rektorat@stts.edu",B,https://lldikti7.kemdikbud.go.id/detail-perguruan-tinggi/72021
57,Institut Sains Teknologi dan Kesehatan Insan Cendekia Husada Bojonegoro,"stikesicsada1.bojonegoro@gmail.com, admin@stikesicsada.ac.id",Baik,https://lldikti7.kemdikbud.go.id/detail-perguruan-tinggi/72041
58,Institut Teknologi Adhi Tama Surabaya,"itats@itats.ac.id, forlap@itats.ac.id",Baik Sekali,https://lldikti7.kemdikbud.go.id/detail-perguruan-tinggi/72002
59,Institut Teknologi AI Mahrusiyah,,Belum Terakreditasi/Kedaluarsa,https://lldikti7.kemdikbud.go.id/detail-perguruan-tinggi/72035
60,Institut Teknologi Bisnis dan Kesehatan Muhammadiyah Tulungagung,bph.itbkmt@gmail.com,Baik,https://lldikti7.kemdikbud.go.id/detail-perguruan-tinggi/72038
61,Institut Teknologi dan Bisnis Ahmad Dahlan Lamongan,stiekhadla@yahoo.co.id,Baik,https://lldikti7.kemdikbud.go.id/detail-perguruan-tinggi/72027
62,Institut Teknologi dan Bisnis Asia Malang,lpmi.stmik.asia@gmail.com,Baik,https://lldikti7.kemdikbud.go.id/detail-perguruan-tinggi/72023
63,Institut Teknologi dan Bisnis Kristen Regent,,belum Terakreditasi/Kedaluarsa,https://lldikti7.kemdikbud.go.id/detail-perguruan-tinggi/72036
64,Institut Teknologi dan Bisnis Muhammadiyah Banyuwangi,bph.itbm@gmail.com,Belum Terakreditasi/Kedaluarsa,https://lldikti7.kemdikbud.go.id/detail-perguruan-tinggi/72024
65,Institut Teknologi dan Bisnis Trenggalek,itb.trenggalek@gmail.com,Baik,https://lldikti7.kemdikbud.go.id/detail-perguruan-tinggi/72033
66,Institut Teknologi dan Bisnis Tuban,itb.tuban.jatim@gmail.com,Baik,https://lldikti7.kemdikbud.go.id/detail-perguruan-tinggi/72037
67,Institut Teknologi dan Bisnis Widya Gama Lumajang,info@stiewidyagamalumajang.ac.id,Baik,https://lldikti7.kemdikbud.go.id/detail-perguruan-tinggi/72034
68,Institut Teknologi dan Bisnis Yadika Pasuruan,"mail@stmik-yadika.ac.id
 stie.yadika.bangil@gmail.com",Baik,https://lldikti7.kemdikbud.go.id/detail-perguruan-tinggi/72040
69,Institut Teknologi dan Sains Mandala,Stie-mj@stie-mandala.ac.id,Baik,https://lldikti7.kemdikbud.go.id/detail-perguruan-tinggi/72042
70,Institut Teknologi Insan Cendekia Mandiri,kampus.iticm@gmail.com,Baik,https://lldikti7.kemdikbud.go.id/detail-perguruan-tinggi/72030
71,Institut Teknologi Kesehatan Malang Widya Cipta Husada,stikes.wch@gmail.com,Baik,https://lldikti7.kemdikbud.go.id/detail-perguruan-tinggi/72031
72,Institut Teknologi Mojosari,admin@itmnganjuk.ac.id,Tidak Terakreditasi,https://lldikti7.kemdikbud.go.id/detail-perguruan-tinggi/72032
73,Institut Teknologi Nasional Malang,"itn@itn.ac.id, rektorat@scholar.itn.ac.id",B,https://lldikti7.kemdikbud.go.id/detail-perguruan-tinggi/72004
74,Institut Teknologi Pembangunan Surabaya,sbyitps@gmail.com,Belum Terakreditasi/Kedaluarsa,https://lldikti7.kemdikbud.go.id/detail-perguruan-tinggi/72001
75,Institut Teknologi Sains dan Kesehatan Insan Cendekia Medika Jombang,baak.icme@gmail.com,Baik,https://lldikti7.kemdikbud.go.id/detail-perguruan-tinggi/72039
76,"Institut Teknologi, Sains, dan Kesehatan RS.DR. Soepraoen Kesdam V/BRW","tupoltekkesdrsoepraoen@gmail.com, informasi@poltekkes-soepraoen.ac.id",Belum Terakreditasi/Kedaluarsa,https://lldikti7.kemdikbud.go.id/detail-perguruan-tinggi/72026
77,King's College London,,belum Terakreditasi/Kedaluarsa,https://lldikti7.kemdikbud.go.id/detail-perguruan-tinggi/71119
78,Politeknik Batu,,belum Terakreditasi/Kedaluarsa,https://lldikti7.kemdikbud.go.id/detail-perguruan-tinggi/75024
79,Politeknik Cahaya Surya,office@cahayasurya.ac.id,Tidak Terakreditasi,https://lldikti7.kemdikbud.go.id/detail-perguruan-tinggi/75001
80,Politeknik Internasional Tamansiswa Mojokerto,,Baik,https://lldikti7.kemdikbud.go.id/detail-perguruan-tinggi/75020
81,Politeknik Kesehatan Jember,"akbidjember@gmail.com, akfarjember@gmail.com",Baik,https://lldikti7.kemdikbud.go.id/detail-perguruan-tinggi/75023
82,Politeknik Kesehatan Kerta Cendekia,akper.kertacendekia@gmail.com,Baik,https://lldikti7.kemdikbud.go.id/detail-perguruan-tinggi/75017
83,Politeknik Kesehatan Putra Indonesia Malang,"akfar.pim@gmail.com, akafarma_pim@yahoo.com, akafarma.pim@gmail.com",Baik,https://lldikti7.kemdikbud.go.id/detail-perguruan-tinggi/75022
84,Politeknik Kesehatan Wira Husada Nusantara Malang,akbidwhnmlg@gmail.com,Baik,https://lldikti7.kemdikbud.go.id/detail-perguruan-tinggi/75018
85,Politeknik Kota Malang,info@poltekom.ac.id,Baik,https://lldikti7.kemdikbud.go.id/detail-perguruan-tinggi/75010
86,Politeknik Masamy Internasional,masami.internasional@gmail.com,Baik,https://lldikti7.kemdikbud.go.id/detail-perguruan-tinggi/75015
87,Politeknik Mercusuar Indonesia,amw@medikawiyata.ac.id,belum Terakreditasi/Kedaluarsa,https://lldikti7.kemdikbud.go.id/detail-perguruan-tinggi/75019
88,Politeknik Mitra Global,politeknikmg@gmail.com,Belum Terakreditasi/Kedaluarsa,https://lldikti7.kemdikbud.go.id/detail-perguruan-tinggi/75016
89,Politeknik NSC Surabaya,nscpoitek@nscpolteksby.ac.id,Baik,https://lldikti7.kemdikbud.go.id/detail-perguruan-tinggi/75002
90,Politeknik Pertanian dan Peternakan Mapena,poltanamapena@yahoo.co.id,Baik,https://lldikti7.kemdikbud.go.id/detail-perguruan-tinggi/75014
91,Politeknik Sakti Surabaya,baakpolteksakti@gmail.com,Belum Terakreditasi/Kedaluarsa,https://lldikti7.kemdikbud.go.id/detail-perguruan-tinggi/75007
92,Politeknik Semen Indonesia,,Baik,https://lldikti7.kemdikbud.go.id/detail-perguruan-tinggi/75021
93,Politeknik Surabaya,"politekniksby@gmail.com, info@polteksurabaya.ac.id",Tidak Terakreditasi,https://lldikti7.kemdikbud.go.id/detail-perguruan-tinggi/75004
94,Politeknik Ubaya,"poltek@ubaya.ac.id, poltek@unit.ubaya.ac.id",Baik Sekali,https://lldikti7.kemdikbud.go.id/detail-perguruan-tinggi/75003
95,Politeknik Unisma Malang,admin@poltekunisma.ac.id,Baik,https://lldikti7.kemdikbud.go.id/detail-perguruan-tinggi/75005
96,Sekolah Tinggi Bahasa Asing Cahaya Surya,office@cahayasurya.ac.id,Belum Terakreditasi/Kedaluarsa,https://lldikti7.kemdikbud.go.id/detail-perguruan-tinggi/73118
97,Sekolah Tinggi Bahasa Asing Malang,malangstiba87@yahoo.com,Baik,https://lldikti7.kemdikbud.go.id/detail-perguruan-tinggi/73055
98,Sekolah Tinggi Filsafat Teologi Widya Sasana,stftws@gmail.com,Belum Terakreditasi/Kedaluarsa,https://lldikti7.kemdikbud.go.id/detail-perguruan-tinggi/73020
99,Sekolah Tinggi Ilmu Administrasi Bayuangga,stia_bayuangga@yahoo.co.id,Baik,https://lldikti7.kemdikbud.go.id/detail-perguruan-tinggi/73038
100,Sekolah Tinggi Ilmu Administrasi Malang,info@stia-malang.ac.id,Baik,https://lldikti7.kemdikbud.go.id/detail-perguruan-tinggi/73023
101,Sekolah Tinggi Ilmu Administrasi Pembangunan,stia.pembangunan@yahoo.co.id,Baik,https://lldikti7.kemdikbud.go.id/detail-perguruan-tinggi/73058
102,Sekolah Tinggi Ilmu Bahasa Dan Sastra Satya Widya,stiba.surabaya@gmail.com,Baik,https://lldikti7.kemdikbud.go.id/detail-perguruan-tinggi/73011
103,Sekolah Tinggi Ilmu Ekonomi Al-Anwar,info@stie-alanwar.ac.id,Baik,https://lldikti7.kemdikbud.go.id/detail-perguruan-tinggi/73094
104,Sekolah Tinggi Ilmu Ekonomi Artha Bodhi Iswara,0,Baik,https://lldikti7.kemdikbud.go.id/detail-perguruan-tinggi/73007
105,Sekolah Tinggi Ilmu Ekonomi Cendekia Bojonegoro,stie.cendekia.bojonegoro@gmail.com,Baik,https://lldikti7.kemdikbud.go.id/detail-perguruan-tinggi/73089
106,Sekolah Tinggi Ilmu Ekonomi Darul Falah,"stiedarulfalahmojokerto@gmail.com, stiedafa@yahoo.co.id",Baik,https://lldikti7.kemdikbud.go.id/detail-perguruan-tinggi/73185
107,Sekolah Tinggi Ilmu Ekonomi Dharma Nasional Jember,stie_dharmanasional@yahoo.co.id,Baik,https://lldikti7.kemdikbud.go.id/detail-perguruan-tinggi/73028
108,Sekolah Tinggi Ilmu Ekonomi Gempol,stiewalisongo@gmail.com,Baik,https://lldikti7.kemdikbud.go.id/detail-perguruan-tinggi/73106
109,Sekolah Tinggi Ilmu Ekonomi IBMT,ibmtedu@ibmt.ac.id,Baik,https://lldikti7.kemdikbud.go.id/detail-perguruan-tinggi/73075
110,Sekolah Tinggi Ilmu Ekonomi IEU,info@ieu.ac.id,Baik,https://lldikti7.kemdikbud.go.id/detail-perguruan-tinggi/73069
111,Sekolah Tinggi Ilmu Ekonomi Indocakti,"humas.stieindocakti@gmail.com, info@indocakti.ac.id",Baik,https://lldikti7.kemdikbud.go.id/detail-perguruan-tinggi/73111
112,Sekolah Tinggi Ilmu Ekonomi Indonesia Malang,stiei.malang@gmail.com,Baik,https://lldikti7.kemdikbud.go.id/detail-perguruan-tinggi/73024
113,Sekolah Tinggi Ilmu Ekonomi Indonesia Surabaya,"stiesia@sby.dnet.net.id, stiesia@stiesia.ac.id",B,https://lldikti7.kemdikbud.go.id/detail-perguruan-tinggi/73001
114,Sekolah Tinggi Ilmu Ekonomi Jaya Negara Tamansiswa,"stiekn_jayanegara@yahoo.com, stieknjayanegara@gmail.com",Baik,https://lldikti7.kemdikbud.go.id/detail-perguruan-tinggi/73018
115,Sekolah Tinggi Ilmu Ekonomi Kertanegara,administrasi@stiekma.ac.id,Baik,https://lldikti7.kemdikbud.go.id/detail-perguruan-tinggi/73022
116,Sekolah Tinggi Ilmu Ekonomi Kesumanegara,info@stieken.ac.id,Baik,https://lldikti7.kemdikbud.go.id/detail-perguruan-tinggi/73063
117,Sekolah Tinggi Ilmu Ekonomi Koperasi Malang,stiekop_malang@yahoo.co.id,Baik,https://lldikti7.kemdikbud.go.id/detail-perguruan-tinggi/73056
118,Sekolah Tinggi Ilmu Ekonomi Mahardhika,akademikmhdk2016@gmail.com,B,https://lldikti7.kemdikbud.go.id/detail-perguruan-tinggi/73004
119,Sekolah Tinggi Ilmu Ekonomi Malangkucecwara,info@stie-mce.ac.id,Baik Sekali,https://lldikti7.kemdikbud.go.id/detail-perguruan-tinggi/73019
120,Sekolah Tinggi Ilmu Ekonomi Muhammadiyah Tuban,stie_muh_tbn@yahoo.co.id,Baik,https://lldikti7.kemdikbud.go.id/detail-perguruan-tinggi/73107
121,Sekolah Tinggi Ilmu Ekonomi Nganjuk,"stiengk@yahoo.co.id, stienganjuk@stienganjuk.ac.id",Baik,https://lldikti7.kemdikbud.go.id/detail-perguruan-tinggi/73076
122,Sekolah Tinggi Ilmu Ekonomi Nu Trate,"stienu.gresik@gmail.com, stienugresik@yahoo.com",Baik,https://lldikti7.kemdikbud.go.id/detail-perguruan-tinggi/73098
123,Sekolah Tinggi Ilmu Ekonomi Pemnas Indonesia,stiethamrin@gmail.com,Baik,https://lldikti7.kemdikbud.go.id/detail-perguruan-tinggi/73102
124,Sekolah Tinggi Ilmu Ekonomi Pemuda,"stiepemuda_sby@yahoo.com, stiepemuda@gmail.com",Baik,https://lldikti7.kemdikbud.go.id/detail-perguruan-tinggi/73108
125,Sekolah Tinggi Ilmu Ekonomi PGRI Dewantara,"admstiedw@yahoo.co.id, adm.stiedw@gamil.com",B,https://lldikti7.kemdikbud.go.id/detail-perguruan-tinggi/73080
126,Sekolah Tinggi Ilmu Ekonomi Widya Darma,siewds@yahoo.co.id,Baik,https://lldikti7.kemdikbud.go.id/detail-perguruan-tinggi/73079
127,Sekolah Tinggi Ilmu Ekonomi Widya Dharma,"stie_wd@yahoo.com, stie.wd02@gmail.com",Baik,https://lldikti7.kemdikbud.go.id/detail-perguruan-tinggi/73082
128,Sekolah Tinggi Ilmu Ekonomi YAPAN,info@stieyapan.ac.id,B,https://lldikti7.kemdikbud.go.id/detail-perguruan-tinggi/73114
129,Sekolah Tinggi Ilmu Hukum Jenderal Sudirman,0,Baik,https://lldikti7.kemdikbud.go.id/detail-perguruan-tinggi/73034
130,Sekolah Tinggi Ilmu Hukum Sunan Giri,stihmalang@yahoo.co.id,Baik,https://lldikti7.kemdikbud.go.id/detail-perguruan-tinggi/73021
131,Sekolah Tinggi Ilmu Hukum Zainul Hasan,stihzainulhasan@yahoo.co.id,Baik,https://lldikti7.kemdikbud.go.id/detail-perguruan-tinggi/73037
132,Sekolah Tinggi Ilmu Kesehatan Artha Bodhi Iswara,stikesabi@stikesabi.ac.id,B,https://lldikti7.kemdikbud.go.id/detail-perguruan-tinggi/73125
133,Sekolah Tinggi Ilmu Kesehatan Griya Husada Surabaya,admin@akbid-griyahusada.ac.id,Baik,https://lldikti7.kemdikbud.go.id/detail-perguruan-tinggi/73189
134,Sekolah Tinggi Ilmu Kesehatan Hang Tuah Surabaya,info@stikeshangtuah-sby.ac.id,Baik,https://lldikti7.kemdikbud.go.id/detail-perguruan-tinggi/73132
135,Sekolah Tinggi Ilmu Kesehatan Harapan Bangsa,"harapanbangsa@yahoo.com, stkes.harapanbangsa@yahoo.com",Baik,https://lldikti7.kemdikbud.go.id/detail-perguruan-tinggi/73175
136,Sekolah Tinggi Ilmu Kesehatan Husada Jombang,husadajombangstikes@yahoo.co.id,B,https://lldikti7.kemdikbud.go.id/detail-perguruan-tinggi/73139
137,Sekolah Tinggi Ilmu Kesehatan Kendedes,"stikeskendedesmalang@gmail.com, pelaporankndds@gmail.com",Baik,https://lldikti7.kemdikbud.go.id/detail-perguruan-tinggi/73152
138,Sekolah Tinggi Ilmu Kesehatan Maharani,informasi@stikesmaharani.ac.id,B,https://lldikti7.kemdikbud.go.id/detail-perguruan-tinggi/73143
139,Sekolah Tinggi Ilmu Kesehatan Majapahit,"stikespoltekkes.majapahit@gmail.com, majapahit.stikes@yahoo.co.id",B,https://lldikti7.kemdikbud.go.id/detail-perguruan-tinggi/73123
140,Sekolah Tinggi Ilmu Kesehatan Ngudia Husada Madura,stikes@nhm.ac.id,B,https://lldikti7.kemdikbud.go.id/detail-perguruan-tinggi/73154
141,Sekolah Tinggi Ilmu Kesehatan Pemkab Jombang,"stikes_pemkab@yahoo.com, stikespemkabjombang2612@gmail.com",Baik,https://lldikti7.kemdikbud.go.id/detail-perguruan-tinggi/73144
142,Sekolah Tinggi Ilmu Kesehatan Rajekwesi Bojonegoro,"akes.rajekwesi.bojonegoro.@gmail.com, akes@rajekwesi.ac.id",Baik,https://lldikti7.kemdikbud.go.id/detail-perguruan-tinggi/73184
143,Sekolah Tinggi Ilmu Kesehatan Rustida,"rustidabanyuwangi@gmail.com, akesrustida@ymail.com",Baik,https://lldikti7.kemdikbud.go.id/detail-perguruan-tinggi/73188
144,Sekolah Tinggi Ilmu Kesehatan Sukma Wijaya Sampang,ghs_spg@yahoo.com,Baik,https://lldikti7.kemdikbud.go.id/detail-perguruan-tinggi/73187
145,Sekolah Tinggi Ilmu Kesehatan William Booth,stikeswb_baak@yahoo.com,B,https://lldikti7.kemdikbud.go.id/detail-perguruan-tinggi/73160
146,Sekolah Tinggi Ilmu Komputer PGRI Banyuwangi,stikom@stikombanyuwangi,Baik,https://lldikti7.kemdikbud.go.id/detail-perguruan-tinggi/73072
147,Sekolah Tinggi Ilmu Komunikasi Almamater Wartawan Surabaya,info@stikosa-aws.ac.id,Baik Sekali,https://lldikti7.kemdikbud.go.id/detail-perguruan-tinggi/73010
148,Sekolah Tinggi Ilmu Perikanan Malang,"stipmalang1992@gmail.com, stip.malang@yahoo.com",Baik,https://lldikti7.kemdikbud.go.id/detail-perguruan-tinggi/73067
149,Sekolah Tinggi Ilmu Pertanian,"stiperjember7@gmail.com, stiperjember@yahoo.com",Baik,https://lldikti7.kemdikbud.go.id/detail-perguruan-tinggi/73029
150,Sekolah Tinggi Informatika & Komputer Indonesia,stiki@stiki.ac.id,Baik Sekali,https://lldikti7.kemdikbud.go.id/detail-perguruan-tinggi/73025
151,Sekolah Tinggi Kesenian Wilwatikta,"stkw_sby@ymail.com, info@stkw-surabaya.ac.id",Baik Sekali,https://lldikti7.kemdikbud.go.id/detail-perguruan-tinggi/73003
152,Sekolah Tinggi Pariwisata Satya Widya,stp_akparsatyawidya@yahoo.com,Belum Terakreditasi/Kedaluarsa,https://lldikti7.kemdikbud.go.id/detail-perguruan-tinggi/73053
153,Sekolah Tinggi Sosial Politik Waskita Darma,waskita_dharma@yahoo.com,Baik,https://lldikti7.kemdikbud.go.id/detail-perguruan-tinggi/73026
154,Sekolah Tinggi Teknik Multimedia Internasional Malang,stt@stt.ac.id / admin@stt.ac.id,Baik,https://lldikti7.kemdikbud.go.id/detail-perguruan-tinggi/73186
155,Sekolah Tinggi Teknik Raden Wijaya,0,Belum Terakreditasi/Kedaluarsa,https://lldikti7.kemdikbud.go.id/detail-perguruan-tinggi/73015
156,Sekolah Tinggi Teknologi Cahaya Surya,office@cahayasurya.ac.id,Baik,https://lldikti7.kemdikbud.go.id/detail-perguruan-tinggi/73081
157,Sekolah Tinggi Teknologi Gempol,walisongostt@gmail.com,Baik,https://lldikti7.kemdikbud.go.id/detail-perguruan-tinggi/73105
158,Sekolah Tinggi Teknologi Muhammadiyah Ar Fachruddin,sttm.arfachrudin@gmail.com,Belum Terakreditasi/Kedaluarsa,https://lldikti7.kemdikbud.go.id/detail-perguruan-tinggi/73182
159,Sekolah Tinggi Teknologi Pomosda,info@stt-pomosda.ac.id,Baik,https://lldikti7.kemdikbud.go.id/detail-perguruan-tinggi/73113
160,Sekolah Tinggi Teknologi STIKMA Internasional,info@stikma.ac.id,Baik,https://lldikti7.kemdikbud.go.id/detail-perguruan-tinggi/73096
161,STIA Dan Manajemen Kepelabuhan Barunawati,info@stiamak.ac.id,Baik Sekali,https://lldikti7.kemdikbud.go.id/detail-perguruan-tinggi/73088
162,STIE Bakti Bangsa,baktibangsaku@gmail.com,Baik,https://lldikti7.kemdikbud.go.id/detail-perguruan-tinggi/73174
163,STIKES Adi Husada,info@adihusada.ac.id,Baik Sekali,https://lldikti7.kemdikbud.go.id/detail-perguruan-tinggi/73181
164,STIKES Arrahma Mandiri Indonesia,stikesamipasuruan@gmail.com,Baik,https://lldikti7.kemdikbud.go.id/detail-perguruan-tinggi/73176
165,STIKES Bahrul Ulum Jombang,0,Baik,https://lldikti7.kemdikbud.go.id/detail-perguruan-tinggi/73148
166,STIKES Banyuwangi,"info@stikesbanyuwangi.ac.id, stikes.bwi@gmail.com",Baik,https://lldikti7.kemdikbud.go.id/detail-perguruan-tinggi/73137
167,STIKES Bhakti Al-Qodiri,stikes.bhaktialqodiri.jember@gmail.com,Baik Sekali,https://lldikti7.kemdikbud.go.id/detail-perguruan-tinggi/73166
168,STIKES Bhakti Husada Mulia,stikesbhm@gmail.com,Baik,https://lldikti7.kemdikbud.go.id/detail-perguruan-tinggi/73162
169,STIKES Bhakti Mulia,stikesbhaktimulia@gmail.com,Baik,https://lldikti7.kemdikbud.go.id/detail-perguruan-tinggi/73136
170,STIKES Buana Husada Ponorogo,humas@stikesponorogo.ac.id,Baik,https://lldikti7.kemdikbud.go.id/detail-perguruan-tinggi/73164
171,STIKES Dian Husada,akademik@dianhusada.ac.id,Baik,https://lldikti7.kemdikbud.go.id/detail-perguruan-tinggi/73140
172,STIKES Ganesha Husada Kediri,yys.ganeshagroup@gmail.com,Baik,https://lldikti7.kemdikbud.go.id/detail-perguruan-tinggi/73155
173,STIKES Hutama Abdi Husada Tulungagung,stikeshahta@yahoo.co.id,Baik,https://lldikti7.kemdikbud.go.id/detail-perguruan-tinggi/73159
174,STIKES Insan Se Agung,0,Baik,https://lldikti7.kemdikbud.go.id/detail-perguruan-tinggi/73134
175,STIKES Karya Husada Kediri,"stikeskaryahusadakediri2@gmail.com,stikeskh07@yahoo.co.id",B,https://lldikti7.kemdikbud.go.id/detail-perguruan-tinggi/73128
176,STIKES Karya Putra Bangsa Tulungagung,"stikes-kpb@gmail.com, stikes.kpb@gmail.com",Baik,https://lldikti7.kemdikbud.go.id/detail-perguruan-tinggi/73168
177,STIKES Katolik St Vincentius A Paulo Surabaya,sekretariat@stikvinc.ac.id,Baik,https://lldikti7.kemdikbud.go.id/detail-perguruan-tinggi/73133
178,STIKES Muhammadiyah Bojonegoro,stikesmuhbjngr@gmail.com,Baik,https://lldikti7.kemdikbud.go.id/detail-perguruan-tinggi/73169
179,STIKES Pamenang,stikespamenang@gmail.com,Baik,https://lldikti7.kemdikbud.go.id/detail-perguruan-tinggi/73180
180,STIKES Panti Waluya Malang,"pantiwaluyanursing@yahoo.co.id, stikes.pantiwaluyamlg@gmail.com",B,https://lldikti7.kemdikbud.go.id/detail-perguruan-tinggi/73178
181,STIKES Patria Husada,stikesphblitar@gmail.com,Baik,https://lldikti7.kemdikbud.go.id/detail-perguruan-tinggi/73135
182,STIKES RS Baptis Kediri,stikes_rsbaptis@yahoo.co.id,B,https://lldikti7.kemdikbud.go.id/detail-perguruan-tinggi/73142
183,STIKES Satria Bhakti Nganjuk,stikes.sbn.ngk@gmail.com,Baik,https://lldikti7.kemdikbud.go.id/detail-perguruan-tinggi/73138
184,STIKES Widyagama Husada Malang,stikes_widyagama@yahoo.co.id,Baik,https://lldikti7.kemdikbud.go.id/detail-perguruan-tinggi/73145
185,STIKES Yayasan RS. Dr. Soetomo,"stikesyayasanrsdrsoetomo@stikes-yrsds.ac.id, stikesyayasanrsdrsoetomo@yahoo.com",Baik Sekali,https://lldikti7.kemdikbud.go.id/detail-perguruan-tinggi/73163
186,STKIP Al Hikmah Surabaya,"stkip.alhikmah@gmail.com, stkiph@hikmahuniversity.ac.id",Baik,https://lldikti7.kemdikbud.go.id/detail-perguruan-tinggi/73167
187,STKIP Bina Insan Mandiri,"admin@stkipbim.ac.id, stkipbim@ymail.com",B,https://lldikti7.kemdikbud.go.id/detail-perguruan-tinggi/73129
188,STKIP Modern Ngawi,stkipmodernngawi@yahoo.co.id,Baik,https://lldikti7.kemdikbud.go.id/detail-perguruan-tinggi/73170
189,STKIP Muhammadiyah Lumajang,stkipmuhlmj@gmail.com,Baik,https://lldikti7.kemdikbud.go.id/detail-perguruan-tinggi/73035
190,STKIP PGRI Bangkalan,admin@stkippgri-bkl.ac.id,Baik Sekali,https://lldikti7.kemdikbud.go.id/detail-perguruan-tinggi/73049
191,STKIP PGRI Lumajang,stkippgri_lmj@yahoo.co.id,B,https://lldikti7.kemdikbud.go.id/detail-perguruan-tinggi/73033
192,STKIP PGRI Nganjuk,humas@stkipnganjuk.net,Baik,https://lldikti7.kemdikbud.go.id/detail-perguruan-tinggi/73041
193,STKIP PGRI Pacitan,info@stkippacitan.ac.id,B,https://lldikti7.kemdikbud.go.id/detail-perguruan-tinggi/73065
194,STKIP PGRI Ponorogo,stkippgripo@yahoo.co.id,Baik Sekali,https://lldikti7.kemdikbud.go.id/detail-perguruan-tinggi/73044
195,STKIP PGRI Sampang,stkip_pgri_spg@yahoo.co.id,Baik,https://lldikti7.kemdikbud.go.id/detail-perguruan-tinggi/73050
196,STKIP PGRI Situbondo,admin@stkippgri-situbondo.ac.id,Baik,https://lldikti7.kemdikbud.go.id/detail-perguruan-tinggi/73032
197,STKIP PGRI Sumenep,info.stkippgrismp@gmail.com,Baik,https://lldikti7.kemdikbud.go.id/detail-perguruan-tinggi/73051
198,STKIP PGRI Trenggalek,stkiptrenggalek@yahoo.co.id,Baik,https://lldikti7.kemdikbud.go.id/detail-perguruan-tinggi/73045
199,STKIP Widya Yuwana,widyayuwana@gmail.com,B,https://lldikti7.kemdikbud.go.id/detail-perguruan-tinggi/73042
200,STMIK Cahaya Surya,,Belum Terakreditasi/Kedaluarsa,https://lldikti7.kemdikbud.go.id/detail-perguruan-tinggi/73117
201,STMIK PPKIA Pradnya Paramita,seket@stimata.ac.id,B,https://lldikti7.kemdikbud.go.id/detail-perguruan-tinggi/73104
202,Universitas 17 Agustus 1945 Banyuwangi,untagbwi@untag-banyuwangi.ac.id,Baik Sekali,https://lldikti7.kemdikbud.go.id/detail-perguruan-tinggi/71035
203,Universitas 17 Agustus 1945 Surabaya,humas@untag-sby.ac.id,Unggul,https://lldikti7.kemdikbud.go.id/detail-perguruan-tinggi/71001
204,Universitas 45 Surabaya,info@univ45sby.ac.id,Baik,https://lldikti7.kemdikbud.go.id/detail-perguruan-tinggi/71016
205,Universitas Abdurachman Saleh Situbondo,"unarssitubondo1581@gmail.com, unars_situbondo@yahoo.ac.id",B,https://lldikti7.kemdikbud.go.id/detail-perguruan-tinggi/71104
206,Universitas Annuqayah,"yayasan.annuqayah@gmail.com, ist.annuqayah@gmail.com",Baik,https://lldikti7.kemdikbud.go.id/detail-perguruan-tinggi/71116
207,Universitas Anwar Medika,stikesrsanwarmedika@gmail.com,Baik,https://lldikti7.kemdikbud.go.id/detail-perguruan-tinggi/71108
208,Universitas Bakti Indonesia,"kampusubi.banyuwangi@gmail.com, ubi_bwi@ymail.com",Baik,https://lldikti7.kemdikbud.go.id/detail-perguruan-tinggi/71078
209,Universitas Bhayangkara Surabaya,info@ubhara.ac.id,B,https://lldikti7.kemdikbud.go.id/detail-perguruan-tinggi/71010
210,Universitas Bhinneka PGRI,stkippgritulungagung@gmail.com.id,B,https://lldikti7.kemdikbud.go.id/detail-perguruan-tinggi/71101
211,Universitas Billfath,universitasbillfath@gmail.com,Baik,https://lldikti7.kemdikbud.go.id/detail-perguruan-tinggi/71093
212,Universitas Bina Sehat PPNI Mojokerto,stikes_ppni@yahoo.co.id,Baik,https://lldikti7.kemdikbud.go.id/detail-perguruan-tinggi/71109
213,Universitas Bojonegoro,admin@unigoro.ac.id,Baik,https://lldikti7.kemdikbud.go.id/detail-perguruan-tinggi/71046
214,Universitas Bondowoso,"pts_unibo@yahoo.com, univ.bondowoso247@yahoo.com",Baik,https://lldikti7.kemdikbud.go.id/detail-perguruan-tinggi/71037
215,Universitas Ciputra Surabaya,pmb@ciputra.ac.id,Unggul,https://lldikti7.kemdikbud.go.id/detail-perguruan-tinggi/71071
216,Universitas Darul ulum,undar.65@gmail.com,B,https://lldikti7.kemdikbud.go.id/detail-perguruan-tinggi/71023
217,Universitas Darussalam Gontor,rektorat@unida.gontor.ac.id,Unggul,https://lldikti7.kemdikbud.go.id/detail-perguruan-tinggi/71085
218,Universitas Dinamika,dita@dinamika.ac.id,Baik Sekali,https://lldikti7.kemdikbud.go.id/detail-perguruan-tinggi/71099
219,Universitas Doktor Nugroho Magetan,stkipdrnugrohoida@gmail.com,Baik,https://lldikti7.kemdikbud.go.id/detail-perguruan-tinggi/71092
220,Universitas Dr Soetomo,info@unitomo.ac.id,B,https://lldikti7.kemdikbud.go.id/detail-perguruan-tinggi/71005
221,Universitas dr. Soebandi,info@stikesdrsoebandi.ac.id,Baik Sekali,https://lldikti7.kemdikbud.go.id/detail-perguruan-tinggi/71107
222,Universitas Gajayana,uniga@unigamalang.ac.id,B,https://lldikti7.kemdikbud.go.id/detail-perguruan-tinggi/71051
223,Universitas Gresik,"info@unigres.ac.id, kepunigres46@gmail.com",Baik Sekali,https://lldikti7.kemdikbud.go.id/detail-perguruan-tinggi/71020
224,Universitas Hafshawaty Zainul Hasan,"stikeshafshawatyzaha@gmail.com, baups.stikes@gmail.com",Baik,https://lldikti7.kemdikbud.go.id/detail-perguruan-tinggi/71114
225,Universitas Hang Tuah,"hangtuah@hangtuah.ac.id, setrektor@hangtuah.ac.id",Unggul,https://lldikti7.kemdikbud.go.id/detail-perguruan-tinggi/71056
226,Universitas Hasyim Asy'ari Tebuireng Jombang,"rektorat.unhasy@gmail.com, rektorat@unhasy.ac.id",Baik Sekali,https://lldikti7.kemdikbud.go.id/detail-perguruan-tinggi/71080
227,Universitas Hayam Wuruk Perbanas,humas@perbanas.ac.id,A,https://lldikti7.kemdikbud.go.id/detail-perguruan-tinggi/71105
228,Universitas Ibrahimy,,B,https://lldikti7.kemdikbud.go.id/detail-perguruan-tinggi/71095
229,Universitas Insan Budi Utomo,humas_ikipbudiutomo@yahoo.com,B,https://lldikti7.kemdikbud.go.id/detail-perguruan-tinggi/71111
230,Universitas Internasional Semen Indonesia,"info@uisi.ac.id, aksi.semenindonesia@gmail.com, lppm@uisi.ac.id",B,https://lldikti7.kemdikbud.go.id/detail-perguruan-tinggi/71089
231,Universitas Islam Balitar,lembaga@unisbablitar.ac.id,Baik Sekali,https://lldikti7.kemdikbud.go.id/detail-perguruan-tinggi/71070
232,Universitas Islam Darul `ulum,"unisda@yahoo.com, humas@unisda.ac.id",Baik,https://lldikti7.kemdikbud.go.id/detail-perguruan-tinggi/71062
233,Universitas Islam Jember,universislam.jember@gmail.com,Baik,https://lldikti7.kemdikbud.go.id/detail-perguruan-tinggi/71034
234,Universitas Islam Kadiri,"uniska_kediri@yahoo.com, sekretariat@uniska-kediri.ac.id",B,https://lldikti7.kemdikbud.go.id/detail-perguruan-tinggi/71040
235,Universitas Islam Lamongan,"tatausaha_unisla@yahoo.com, rektor@unisla.ac.id",Baik Sekali,https://lldikti7.kemdikbud.go.id/detail-perguruan-tinggi/71067
236,Universitas Islam Madura,0,Baik,https://lldikti7.kemdikbud.go.id/detail-perguruan-tinggi/71068
237,Universitas Islam Majapahit,unim_mjk@yahoo.com,Baik,https://lldikti7.kemdikbud.go.id/detail-perguruan-tinggi/71066
238,Universitas Islam Malang,pmb@unisma.co.id,Unggul,https://lldikti7.kemdikbud.go.id/detail-perguruan-tinggi/71027
239,Universitas Islam Raden Rahmat,"uniradenrahmat@gmail.com,hrdunira@gmail.com",Baik,https://lldikti7.kemdikbud.go.id/detail-perguruan-tinggi/71084
240,Universitas Kadiri,rektor@unik-kediri.ac.id,Baik Sekali,https://lldikti7.kemdikbud.go.id/detail-perguruan-tinggi/71039
241,Universitas Kahuripan Kediri,"info@kahuripan.ac.id, kepegawaianukk@gmail.com",Baik,https://lldikti7.kemdikbud.go.id/detail-perguruan-tinggi/71083
242,Universitas Katolik Darma Cendika,sekretariat.ukdc@gmail.com,B,https://lldikti7.kemdikbud.go.id/detail-perguruan-tinggi/71019
243,Universitas Katolik Widya Karya,widyakarya@widyakarya.ac.id,Baik,https://lldikti7.kemdikbud.go.id/detail-perguruan-tinggi/71026
244,Universitas Katolik Widya Mandala Surabaya,pr-office@ukwms.ac.id,A,https://lldikti7.kemdikbud.go.id/detail-perguruan-tinggi/71003
245,Universitas Kepanjen,stikeskpj@@stikeskepanjen-pemkabmalang.ac.id,belum Terakreditasi/Kedaluarsa,https://lldikti7.kemdikbud.go.id/detail-perguruan-tinggi/71121
246,Universitas KH. A. Wahab Hasbullah,unwaha@unwaha.ac.id,Baik,https://lldikti7.kemdikbud.go.id/detail-perguruan-tinggi/71081
247,Universitas KH. Bahaudin Mudhary Madura,unibamadura19@gmail.com,Baik,https://lldikti7.kemdikbud.go.id/detail-perguruan-tinggi/71098
248,Universitas Kristen Cipta Wacana,,Baik,https://lldikti7.kemdikbud.go.id/detail-perguruan-tinggi/71029
249,Universitas Kristen Petra,info@petra.ac.id,Unggul,https://lldikti7.kemdikbud.go.id/detail-perguruan-tinggi/71002
250,Universitas Lumajang,unilu.universitaslumajang@gmail.com,Baik,https://lldikti7.kemdikbud.go.id/detail-perguruan-tinggi/71055
251,Universitas Ma Chung,info@machung.ac.id,B,https://lldikti7.kemdikbud.go.id/detail-perguruan-tinggi/71074
252,Universitas Maarif Hasyim Latif,admin@umaha.ac.id,Baik,https://lldikti7.kemdikbud.go.id/detail-perguruan-tinggi/71086
253,Universitas Madani Indonesia,,belum Terakreditasi/Kedaluarsa,https://lldikti7.kemdikbud.go.id/detail-perguruan-tinggi/71122
254,Universitas Madura,"info@unira ac.id, mail@unira.ac.id",B,https://lldikti7.kemdikbud.go.id/detail-perguruan-tinggi/71048
255,Universitas Mayjen Sungkono,"unimasmjk@gmail.com, unimasmjk@yahoo.co.id",Baik,https://lldikti7.kemdikbud.go.id/detail-perguruan-tinggi/71022
256,Universitas Merdeka Madiun,universitas@unmer-madiun.ac.id,B,https://lldikti7.kemdikbud.go.id/detail-perguruan-tinggi/71042
257,Universitas Merdeka Malang,webmaster@unmer.ac.id,B,https://lldikti7.kemdikbud.go.id/detail-perguruan-tinggi/71025
258,Universitas Merdeka Pasuruan,unmerpas@gmail.com,Baik,https://lldikti7.kemdikbud.go.id/detail-perguruan-tinggi/71031
259,Universitas Merdeka Surabaya,universitasmerdekasurabaya@gmail.com,belum Terakreditasi/Kedaluarsa,https://lldikti7.kemdikbud.go.id/detail-perguruan-tinggi/71006
260,Universitas Mochammad Sroedji,"moch_sroedji_jember@yahoo.co.id, univmochsroedji@gmail.com",Baik,https://lldikti7.kemdikbud.go.id/detail-perguruan-tinggi/71033
261,Universitas Muhammadiyah Gresik,info@umg.ac.id,Baik Sekali,https://lldikti7.kemdikbud.go.id/detail-perguruan-tinggi/71059
262,Universitas Muhammadiyah Jember,kantorpusat@unmuhjember.ac.id,Baik Sekali,https://lldikti7.kemdikbud.go.id/detail-perguruan-tinggi/71032
263,Universitas Muhammadiyah Lamongan,"um.lamongan@yahoo.co.id, info@umla.ac.id",Baik,https://lldikti7.kemdikbud.go.id/detail-perguruan-tinggi/71096
264,Universitas Muhammadiyah Madiun,unmad.madiun@gmail.com,Baik,https://lldikti7.kemdikbud.go.id/detail-perguruan-tinggi/71102
265,Universitas Muhammadiyah Malang,infokom@umm.ac.id,Unggul,https://lldikti7.kemdikbud.go.id/detail-perguruan-tinggi/71024
266,Universitas Muhammadiyah Ponorogo,akademik@umpo.ac.id,B,https://lldikti7.kemdikbud.go.id/detail-perguruan-tinggi/71044
267,Universitas Muhammadiyah Sidoarjo,umsidoarjo@umsida.ac.id,Unggul,https://lldikti7.kemdikbud.go.id/detail-perguruan-tinggi/71060
268,Universitas Muhammadiyah Surabaya,rektorat@um-surabaya.ac.id,Baik Sekali,https://lldikti7.kemdikbud.go.id/detail-perguruan-tinggi/71012
269,Universitas Nahdlatul Ulama Blitar,www.unublitar.ac.id,Baik,https://lldikti7.kemdikbud.go.id/detail-perguruan-tinggi/71090
270,Universitas Nahdlatul Ulama Pasuruan,itsnupasuruan@gmail.com,Baik,https://lldikti7.kemdikbud.go.id/detail-perguruan-tinggi/71113
271,Universitas Nahdlatul Ulama Sidoarjo,unu@unusida.ac.id,Baik Sekali,https://lldikti7.kemdikbud.go.id/detail-perguruan-tinggi/71082
272,Universitas Nahdlatul Ulama Sunan Giri,unugiri.bjn@gmail.com,Baik,https://lldikti7.kemdikbud.go.id/detail-perguruan-tinggi/71088
273,Universitas Nahdlatul Ulama Surabaya,"info@unusa.ac.id, rektor@unusa.ac.id",Unggul,https://lldikti7.kemdikbud.go.id/detail-perguruan-tinggi/71079
274,Universitas Narotama,rektor@narotama.ac.id,B,https://lldikti7.kemdikbud.go.id/detail-perguruan-tinggi/71008
275,Universitas Nazhatut Thullab Al-Muafa Sampang,akper@akpernata.ac.id,Baik,https://lldikti7.kemdikbud.go.id/detail-perguruan-tinggi/71110
276,Universitas Nurul Jadid,unuja@unuja.ac.id,B,https://lldikti7.kemdikbud.go.id/detail-perguruan-tinggi/71094
277,Universitas Nusantara PGRI Kediri,admin@unpkediri.ac.id,Baik Sekali,https://lldikti7.kemdikbud.go.id/detail-perguruan-tinggi/71072
278,Universitas Panca Marga,"baak@upm.ac.id, kepegawaian@upm.ac.id",Baik,https://lldikti7.kemdikbud.go.id/detail-perguruan-tinggi/71038
279,Universitas Pawyatan Daha,,Baik,https://lldikti7.kemdikbud.go.id/detail-perguruan-tinggi/71052
280,Universitas Pesantren Tinggi Darul ulum,"rektorat@unipdu.ac.id, humas@unipdu.ac.id",Baik Sekali,https://lldikti7.kemdikbud.go.id/detail-perguruan-tinggi/71065
281,Universitas PGRI Adi Buana Surabaya,"unipa@unipasby.ac.id, info@unipasby.ac.id",B,https://lldikti7.kemdikbud.go.id/detail-perguruan-tinggi/71049
282,Universitas PGRI Argopuro Jember,ikip_jember@yahoo.com,Baik Sekali,https://lldikti7.kemdikbud.go.id/detail-perguruan-tinggi/71106
283,Universitas PGRI Banyuwangi,akademik@unibabwi.ac.id,Baik,https://lldikti7.kemdikbud.go.id/detail-perguruan-tinggi/71075
284,Universitas PGRI Delta,stkippgri79@yahoo.com,belum Terakreditasi/Kedaluarsa,https://lldikti7.kemdikbud.go.id/detail-perguruan-tinggi/71118
285,Universitas PGRI Jombang,"pimpinan@yahoo.co.id, stkippgrijombang@stkipjb.ac.id",B,https://lldikti7.kemdikbud.go.id/detail-perguruan-tinggi/71115
286,Universitas PGRI Kanjuruhan Malang,"email@unikama.ac.id, rektorat@unikama.ac.id",B,https://lldikti7.kemdikbud.go.id/detail-perguruan-tinggi/71103
287,Universitas PGRI Madiun,rektorat@ikippgrimadiun.ac.id,Baik Sekali,https://lldikti7.kemdikbud.go.id/detail-perguruan-tinggi/71091
288,Universitas PGRI Ronggolawe,prospective@unirow.ac.id,B,https://lldikti7.kemdikbud.go.id/detail-perguruan-tinggi/71073
289,Universitas PGRI Wiranegara,,B,https://lldikti7.kemdikbud.go.id/detail-perguruan-tinggi/71100
290,Universitas Qomaruddin,univ.qomaruddin@gmail.com,Baik,https://lldikti7.kemdikbud.go.id/detail-perguruan-tinggi/71097
291,Universitas Soerjo,univsoerjongw@yahoo.co.id,Baik,https://lldikti7.kemdikbud.go.id/detail-perguruan-tinggi/71045
292,Universitas Strada Indonesia,smh@stikesstrada.ac.id,belum Terakreditasi/Kedaluarsa,https://lldikti7.kemdikbud.go.id/detail-perguruan-tinggi/71120
293,Universitas Sunan Bonang,info@usb.ac.id,Baik,https://lldikti7.kemdikbud.go.id/detail-perguruan-tinggi/71047
294,Universitas Sunan Giri Surabaya,"rektorat@unsuri.ac.id, yay.unsuri@yahoo.com, kepegawaian@unsuri.ac.id",B,https://lldikti7.kemdikbud.go.id/detail-perguruan-tinggi/71007
295,Universitas Surabaya,rektorat@ubaya.ac.id,Unggul,https://lldikti7.kemdikbud.go.id/detail-perguruan-tinggi/71004
296,Universitas Teknologi Surabaya,uts@ypps.uts.ac.id,Belum Terakreditasi/Kedaluarsa,https://lldikti7.kemdikbud.go.id/detail-perguruan-tinggi/71057
297,Universitas Tribhuwana Tungga Dewi,rektor@unitri.ac.id,B,https://lldikti7.kemdikbud.go.id/detail-perguruan-tinggi/71061
298,Universitas Tulungagung,kampusunita@yahoo.com,B,https://lldikti7.kemdikbud.go.id/detail-perguruan-tinggi/71041
299,Universitas W R Supratman,unipra_sby@yahoo.co.id,belum Terakreditasi/Kedaluarsa,https://lldikti7.kemdikbud.go.id/detail-perguruan-tinggi/71014
300,Universitas Wahidiyah,uniwa.kediri@ymail.com,Baik,https://lldikti7.kemdikbud.go.id/detail-perguruan-tinggi/71087
301,Universitas Widya Gama,sekretariat@widyagama.ac.id,B,https://lldikti7.kemdikbud.go.id/detail-perguruan-tinggi/71030
302,Universitas Widya Kartika,"info@widyakartika.ac.id, rektorat@widyakartika.ac.id",Baik,https://lldikti7.kemdikbud.go.id/detail-perguruan-tinggi/71017
303,Universitas Wijaya Kusuma Surabaya,bapsiuwks@gmail.com,Baik Sekali,https://lldikti7.kemdikbud.go.id/detail-perguruan-tinggi/71009
304,Universitas Wijaya Putra,admin@uwp.ac.id,B,https://lldikti7.kemdikbud.go.id/detail-perguruan-tinggi/71011
305,Universitas Wiraraja,rektorat@wiraraja.ac.id,Baik Sekali,https://lldikti7.kemdikbud.go.id/detail-perguruan-tinggi/71058
306,Universitas Wisnuwardhana,"kepegawaian.unidha@gmail.com, unidha@gmail.com",B,https://lldikti7.kemdikbud.go.id/detail-perguruan-tinggi/71028
307,Universitas Yos Soedarso,admin@uniyos.ac.id,Baik,https://lldikti7.kemdikbud.go.id/detail-perguruan-tinggi/71013
308,Universitas Yudharta Pasuruan,rektorat@yudharta.ac.id,Baik Sekali,https://lldikti7.kemdikbud.go.id/detail-perguruan-tinggi/71069
309,Western Sydney University,,belum Terakreditasi/Kedaluarsa,https://lldikti7.kemdikbud.go.id/detail-perguruan-tinggi/71112
